{"metadata":{"asset_id":"686276b3-054e-4091-babb-ac613bc1f2d2","asset_attributes":["data_asset"],"name":"warengruppe.csv","asset_type":"data_asset","created_at":"2021-10-13T07:45:26Z","description":"","origin_country":"us","owner_id":"IBMid-502M1MPACS","project_id":"7a8ce63b-a4bf-4c5e-9512-dd9ab4e70614","size":2435884,"tags":[],"usage":{"last_update_time":1634138760546,"last_updated_at":"2021-10-13T15:26:00Z"}},"entity":{"data_asset":{"mime_type":"text/csv","dataset":false}},"attachments":[{"id":"ec9bcb6d-a059-4d65-843a-37889d22781e","version":2,"asset_type":"data_asset","name":"warengruppe.csv","mime":"text/csv","datasource_type":"193a97c1-4475-4a19-b90c-295c4fdc6517","object_key":"warengruppe.csv","creator_id":"IBMid-502M1MPACS","create_time":1634111126903,"size":2435884,"is_remote":false,"is_managed":false,"is_referenced":true,"is_object_key_read_only":true,"is_user_provided_path_key":true,"transfer_complete":true,"is_partitioned":false,"complete_time_ticks":1634111126903,"user_data":{},"test_doc":0,"handle":{"bucket":"edekarr-donotdelete-pr-bz0fqqb8cxb0oc","location":"eu-geo","key":"warengruppe.csv","upload_id":"done","max_part_num":1},"usage":{"access_count":1,"last_accessor_id":"IBMid-502M1MPACS","last_access_time":1634138760545,"last_updater_id":"IBMid-502M1MPACS","last_update_time":1634138760545}}]}
