{"metadata":{"asset_id":"e981591a-b8e4-438f-a027-27f6446ce482","asset_attributes":["data_asset"],"name":"ober_warengruppe_all.csv","asset_type":"data_asset","created_at":"2021-10-13T13:48:47Z","description":"","origin_country":"us","owner_id":"IBMid-502M1MPACS","project_id":"7a8ce63b-a4bf-4c5e-9512-dd9ab4e70614","size":1016948,"tags":[],"usage":{"last_update_time":1634136484388,"last_updated_at":"2021-10-13T14:48:04Z"}},"entity":{"data_asset":{"mime_type":"text/csv","dataset":false}},"attachments":[{"id":"5a1d6bfe-a116-40d9-8de0-c804ecbea3d1","version":2,"asset_type":"data_asset","name":"ober_warengruppe_all.csv","mime":"text/csv","datasource_type":"193a97c1-4475-4a19-b90c-295c4fdc6517","object_key":"ober_warengruppe_all.csv","creator_id":"IBMid-502M1MPACS","create_time":1634132928770,"size":1016948,"is_remote":false,"is_managed":false,"is_referenced":true,"is_object_key_read_only":true,"is_user_provided_path_key":true,"transfer_complete":true,"is_partitioned":false,"complete_time_ticks":1634132928770,"user_data":{},"test_doc":0,"handle":{"bucket":"edekarr-donotdelete-pr-bz0fqqb8cxb0oc","location":"eu-geo","key":"ober_warengruppe_all.csv","upload_id":"done","max_part_num":1},"usage":{"access_count":1,"last_accessor_id":"IBMid-502M1MPACS","last_access_time":1634136484387,"last_updater_id":"IBMid-502M1MPACS","last_update_time":1634136484387}}]}
