{"metadata":{"asset_id":"daf006c7-85c5-4e8d-bbab-ea565f8d0204","asset_attributes":["wml_model"],"name":"EDEKARR_MBA_Apriori_v01","asset_type":"wml_model","created_at":"2021-10-08T11:32:48Z","description":"","origin_country":"us","owner_id":"IBMid-502M1MPACS","project_id":"7a8ce63b-a4bf-4c5e-9512-dd9ab4e70614","sandbox_id":"7a8ce63b-a4bf-4c5e-9512-dd9ab4e70614","size":5005,"tags":[],"usage":{"last_update_time":1633692770510,"last_updated_at":"2021-10-08T11:32:50Z"}},"entity":{"wml_model":{"software_spec":{"base_id":"687eddc9-028a-4117-b9dd-e57b36f1efa5","name":"spss-modeler_18.2"},"ml_version":"4.0.10","type":"spss-modeler_18.2","schemas":{"input":[],"output":[{"fields":[],"id":"id5P3VT9A6AV6","name":"Association Rules","type":"struct"}]}}},"attachments":[{"id":"d26208b2-082e-40e0-b9b1-f7a4d852b88c","version":2,"asset_type":"wml_model","datasource_type":"193a97c1-4475-4a19-b90c-295c4fdc6517","creator_id":"IBMid-502M1MPACS","create_time":1633692769404,"size":5005,"is_remote":false,"is_managed":true,"is_referenced":false,"is_object_key_read_only":false,"is_user_provided_path_key":false,"transfer_complete":true,"is_partitioned":false,"complete_time_ticks":1633692770510,"user_data":{"content_format":"native"},"test_doc":0,"handle":{"bucket":"edekarr-donotdelete-pr-bz0fqqb8cxb0oc","location":"eu-geo","type":"bluemix_cos","key":"cf308cbf-7179-405a-8b70-862bd68677fd/daf006c7-85c5-4e8d-bbab-ea565f8d0204/d26208b2-082e-40e0-b9b1-f7a4d852b88c","upload_id":"done","max_part_num":1},"usage":{"access_count":0,"last_accessor_id":"IBMid-502M1MPACS","last_access_time":1633692769404}}]}
