{"metadata":{"asset_id":"569247e1-885e-4777-93a2-27b46f089f6c","asset_attributes":["wml_model"],"name":"apriori","asset_type":"wml_model","created_at":"2021-10-13T09:05:01Z","description":"","origin_country":"us","owner_id":"IBMid-502M1MPACS","project_id":"7a8ce63b-a4bf-4c5e-9512-dd9ab4e70614","sandbox_id":"7a8ce63b-a4bf-4c5e-9512-dd9ab4e70614","size":15789,"tags":[],"usage":{"last_update_time":1634115908177,"last_updated_at":"2021-10-13T09:05:08Z"}},"entity":{"wml_model":{"software_spec":{"base_id":"687eddc9-028a-4117-b9dd-e57b36f1efa5","name":"spss-modeler_18.2"},"ml_version":"4.0.12","type":"spss-modeler_18.2","schemas":{"input":[{"fields":[{"metadata":{},"name":"bon_id","nullable":true,"type":"string"},{"metadata":{},"name":"edeka_oberwarengruppe","nullable":true,"type":"string"}],"id":"id72UWZQMCTTM","name":"plain.csv","type":"struct"}],"output":[{"fields":[{"metadata":{},"name":"bon_id","nullable":true,"type":"string"},{"metadata":{},"name":"edeka_oberwarengruppe","nullable":true,"type":"string"}],"id":"id6F9WIXDFI5F","name":"Table","type":"struct"}]}}},"attachments":[{"id":"07acd853-ec8e-416a-9c1c-4579925ea4e2","version":2,"asset_type":"wml_model","datasource_type":"193a97c1-4475-4a19-b90c-295c4fdc6517","creator_id":"IBMid-502M1MPACS","create_time":1634115904935,"size":15789,"is_remote":false,"is_managed":true,"is_referenced":false,"is_object_key_read_only":false,"is_user_provided_path_key":false,"transfer_complete":true,"is_partitioned":false,"complete_time_ticks":1634115908177,"user_data":{"content_format":"native"},"test_doc":0,"handle":{"bucket":"edekarr-donotdelete-pr-bz0fqqb8cxb0oc","location":"eu-geo","type":"bluemix_cos","key":"cf308cbf-7179-405a-8b70-862bd68677fd/569247e1-885e-4777-93a2-27b46f089f6c/07acd853-ec8e-416a-9c1c-4579925ea4e2","upload_id":"done","max_part_num":1},"usage":{"access_count":0,"last_accessor_id":"IBMid-502M1MPACS","last_access_time":1634115904935}}]}
